Site,Link
知乎专栏,https://zhuanlan.zhihu.com/p/348664767
知乎专栏,https://zhuanlan.zhihu.com/p/649762569
知乎专栏,https://zhuanlan.zhihu.com/p/601246530
知乎专栏,https://zhuanlan.zhihu.com/p/350629180
知乎专栏,https://zhuanlan.zhihu.com/p/260717635
知乎专栏,https://zhuanlan.zhihu.com/p/21605233
知乎专栏,https://zhuanlan.zhihu.com/p/213828710
知乎专栏,https://zhuanlan.zhihu.com/p/33660624
知乎专栏,https://zhuanlan.zhihu.com/p/33244585
知乎专栏,https://zhuanlan.zhihu.com/p/431119887
知乎专栏,https://zhuanlan.zhihu.com/p/403690529
知乎专栏,https://zhuanlan.zhihu.com/p/639655373
懂球帝,https://www.dongqiudi.com/articles/3688232.html
懂球帝,https://www.dongqiudi.com/articles/3688252.html
懂球帝,https://www.dongqiudi.com/articles/3688166.html
懂球帝,https://www.dongqiudi.com/articles/3688294.html
半月谈-文化篇,http://www.banyuetan.org/wh/detail/20230829/1000200033136031693294370440205016_1.html
半月谈-文化篇,http://www.banyuetan.org/wh/detail/20230901/1000200033136031693531372107217888_1.html
半月谈-文化篇,http://www.banyuetan.org/wh/detail/20230821/1000200033136031692579783678070659_1.html
半月谈-文化篇,http://www.banyuetan.org/wh/detail/20230824/1000200033136031692866194725100733_1.html
半月谈-文化篇,http://www.banyuetan.org/wh/detail/20230710/1000200033136031688976688212759198_1.html
半月谈-文化篇,http://www.banyuetan.org/wh/detail/20230630/1000200033136031688114936041724540_1.html
半月谈-文化篇,http://www.banyuetan.org/wh/detail/20230619/1000200033136031687160313905547116_1.html
半月谈-生态篇,http://www.banyuetan.org/st/detail/20230830/1000200033136221693358555371175025_1.html
半月谈-生态篇,http://www.banyuetan.org/st/detail/20230821/1000200033136221692580403371044949_1.html
半月谈-生态篇,http://www.banyuetan.org/st/detail/20230727/1000200033136221690445612363094595_1.html
半月谈-生态篇,http://www.banyuetan.org/st/detail/20230413/1000200033136221681354765862551068_1.html
半月谈-生态篇,http://www.banyuetan.org/st/detail/20221226/1000200033136221672035068862173341_1.html
半月谈-生态篇,http://www.banyuetan.org/st/detail/20221027/1000200033136221666855038631291634_1.html
半月谈-生态篇,http://www.banyuetan.org/st/detail/20221008/1000200033136221665195927032070043_1.html
